<?xml version="1.0"?>
<metadata><idinfo><citation><citeinfo><origin>National Ice Center (NIC)</origin><pubdate>12/10/2020</pubdate><title Sync="True"></title><ftname Sync="True"></ftname><onlink Sync="FALSE"></onlink></citeinfo></citation><descript><abstract>The SIGRID-3 vector archive format is one of the World Meteorological Organization (WMO) standards for archiving digital ice charts in the Global Digital Sea Ice Data Bank (GDSIDB). The WMO ice chart archiving formats are the Sea Ice Grid (SIGRID) format developed in 1981 and formalized in 1989 and its successor SIGRID-2. The National Ice Center digital Ice Analysis charts (Hemispheric, Regional and Daily are encoded in SIGRID-3 and have two main components: the shapefile containing the Ice Analysis ice information (ice polygons and related attributes) and the metadata describing the Ice Analysis data under the SIGRID-3 format.
 
The National Ice Center legacy ice data set contains hemispheric spatial data files from 1972 through 2004 inclusive. Regional Spatial data files of the traditional "seas"(ex Beaufort Sea) have been available since 1997. Legacy data are available in various formats from the National Snow and Ice Data Center in Boulder, Colorado ( http://nsidc.org/ ). Legacy Great Lakes charts are available from the Great Lakes Environmental Research Laboratory in Ann Arbor, Michigan  ( http://www.glerl.noaa.gov/ ). 

Currently (October, 2006), spatial data files are available for each hemisphere, and for each sub-regional area, of which there are approximately 62.  The ice analyses for each sea or sub-sea are also available in a jpeg format.  They represent the ice conditions for the week in which they are published.  Data for the analyses can go back 96 hours from when they are completed. They are dated with the week they are published. They are based on an analysis and integration of all available data on ice conditions, including weather and oceanographic information, visual observations from shore, ship and aircraft, airborne radar, satellite imagery and climatological information. The Regional Ice Analyses describe areas of differing ice conditions using the WMO ice observing standards, and indicate where significant changes in the amount, stage of development and form of the predominant ice types have occurred. The Regional Ice Analyses for all of the Northern and Southern Hemisphere Seas are produced every other week. The analyses for the Bering, Chukchi, Beaufort, Arctic Basin (High Arctic), Northern East Greenland, Barents, Kara and White Seas and the Cook Inlet are produced at least weekly. The Ross Sea is produced weekly during Austral Summer navigation season. The Chesapeake and Delaware Bay areas are produced weekly when there is ice. The analyses for the Great Lakes (when there is ice and in collaboration with the Canadian Ice Service), the Bering Sea, the Cook Inlet and the Chukchi and Beaufort Seas are produced twice per week when there is an ice edge present. The National Ice Center also produced daily ice edges in text format for both the Northern and Southern Hemispheres.</abstract><purpose>The SIGRID-3 Regional Ice Analysis products are mainly used for climate analysis, climate change studies and as input to the Global Digital Sea Ice Data Bank (GDSIDB). They can also provide ice information to marine community to enhance the safety and the efficiency of marine operations in ice-encumbered waters.</purpose></descript><timeperd><timeinfo><sngdate><caldate>12/07/2020 through 12/11/2020</caldate></sngdate></timeinfo><current>same as Publication Date</current></timeperd><status><progress>Complete</progress><update>No changes or additions are made to the data set after the data set is distributed. If modifications are made to the data set, a new version is released along with its metadata.</update></status><keywords><theme><themekt>none at the present time</themekt><themekey>sea ice</themekey><themekey>ice type</themekey><themekey>ice age</themekey><themekey>ice concentration</themekey><themekey>form of ice</themekey><themekey>floe size</themekey></theme></keywords><accconst>none</accconst><useconst>With accreditation from the National Ice Center</useconst><secinfo><secclass>Unclassified</secclass></secinfo></idinfo><dataqual><logic>The first step consists on manually creating a Regional Ice Analysis coverage and incorporating data from the various source information. Automated validity checks are performed during attribute (WMO Egg code,  in accordance with the World Meteorological Organization standards for reporting ice conditions) and line entry. A topological polygon build is done to clean the coverage, corrections are made (if required) and a chart is produced for manual quality control. Once completed the Regional Ice Analysis coverage is automatically converted to a shapefile, the metadata is generated and they are packaged as a SIGRID-3 product (.tar) for distribution.</logic><complete>The ice interpretation (boundaries, concentrations, ice types and floe sizes) of Satellite and Airborne imagery is done visually with the help of climatological data, ground truthing and meteorological data. The reliability and accuracy of the data set is directly related to the availability, resolution and the affects of atmospheric (cloud, daylight, etc.) and ground (snow, rain, sea state, etc.) conditions on the source information. The source information is incorporated in the Regional Ice Analysis if the source information publication or acquisition date is plus or minus 3 days of the Regional Ice Analysis publication date. The only exception is the Regional Ice Analysis source information where we use the previous publication date. Note that the time period information for all source information represent the time period during which it was available and may or may not have been incorporated in the Regional Ice Analysis product.</complete><lineage><srcinfo><srccite><citeinfo><origin>Canadian Space Agency (CSA)</origin><pubdate>various</pubdate><title>RADARSAT Imagery - % of total</title><abbr>RADARSAT</abbr></citeinfo></srccite><typesrc>electronic (Satellite)</typesrc><srctime><timeinfo><rngdates><begdate>19960313</begdate><enddate>still active</enddate></rngdates></timeinfo><srccurr> source information acquisition date</srccurr></srctime></srcinfo><srcinfo><srccite><citeinfo><origin>National Oceanic and Atmosphric Administration (NOAA)</origin><pubdate>various</pubdate><title>NOAA Imagery - % of total</title><abbr></abbr></citeinfo></srccite><typesrc>hardcopy and electronic (Satellite)</typesrc><srctime><timeinfo><rngdates><begdate>19701211</begdate><enddate>still active</enddate></rngdates></timeinfo><srccurr> source information acquisition date</srccurr></srctime></srcinfo><srcinfo><srccite><citeinfo><origin>National Oceanic and Atmosphric Administration (NOAA)</origin><pubdate>various</pubdate><title>Advanced Very High Resolution Radiometer - % of total</title><abbr>AVHRR</abbr></citeinfo></srccite><typesrc>electronic (Satellite)</typesrc><srctime><timeinfo><rngdates><begdate>19980515</begdate><enddate>still active</enddate></rngdates></timeinfo><srccurr> source information acquisition date</srccurr></srctime></srcinfo><srcinfo><srccite><citeinfo><origin>US Airforce (DMSP)</origin><pubdate>various</pubdate><title>OLS Imagery - % of total</title><abbr>OLS</abbr></citeinfo></srccite><typesrc>electronic (Satellite)</typesrc><srctime><timeinfo><rngdates><begdate>19990521</begdate><enddate>still active</enddate></rngdates></timeinfo><srccurr> source information acquisition date</srccurr></srctime></srcinfo><srcinfo><srccite><citeinfo><origin>National Aeronautics and Space Administration (NASA)</origin><pubdate>various</pubdate><title>QuikScat Imagery - % of total</title><abbr>QUICKSCAT</abbr></citeinfo></srccite><typesrc>electronic (Satellite)</typesrc><srctime><timeinfo><rngdates><begdate>20011101</begdate><enddate>still active</enddate></rngdates></timeinfo><srccurr> source information acquisition date</srccurr></srctime></srcinfo><srcinfo><srccite><citeinfo><origin>European Space Agency (ESA)</origin><pubdate>various</pubdate><title>ERS Imagery - % of total</title><abbr></abbr></citeinfo></srccite><typesrc>electronic (Satellite)</typesrc><srctime><timeinfo><rngdates><begdate>19921218</begdate><enddate>20030605</enddate></rngdates></timeinfo><srccurr> source information acquisition date</srccurr></srctime></srcinfo><srcinfo><srccite><citeinfo><origin>European Space Agency (ESA)</origin><pubdate>various</pubdate><title>ENVISAT Imagery - % of total</title><abbr>ENVISAT</abbr></citeinfo></srccite><typesrc>electronic (Satellite)</typesrc><srctime><timeinfo><rngdates><begdate>20031009</begdate><enddate>still active</enddate></rngdates></timeinfo><srccurr> source information acquisition date</srccurr></srctime></srcinfo><srcinfo><srccite><citeinfo><origin>National Aeronautics and Space Administration (NASA)</origin><pubdate>various</pubdate><title>MODIS - MODIS% of total</title><abbr>MODIS</abbr></citeinfo></srccite><typesrc>electronic (Satellite)</typesrc><srctime><timeinfo><rngdates><begdate>20041201</begdate><enddate>still active</enddate></rngdates></timeinfo><srccurr> source information acquisition date</srccurr></srctime></srcinfo><srcinfo><srccite><citeinfo><origin>SIP Challenger</origin><pubdate>various</pubdate><title>SAR Imagery - % of total</title><abbr></abbr></citeinfo></srccite><typesrc>electronic (Aircraft)</typesrc><srctime><timeinfo><rngdates><begdate>19900101</begdate><enddate>19950331</enddate></rngdates></timeinfo><srccurr> source information acquisition date</srccurr></srctime></srcinfo><srcinfo><srccite><citeinfo><origin>Canadian Ice Service (CIS)</origin><pubdate>various</pubdate><title>SLAR Imagery - % of total</title><abbr></abbr></citeinfo></srccite><typesrc>acetate and electronic (Aircraft)</typesrc><srctime><timeinfo><rngdates><begdate>19780213</begdate><enddate>still active</enddate></rngdates></timeinfo><srccurr> source information acquisition date</srccurr></srctime></srcinfo><srcinfo><srccite><citeinfo><origin>Canadian Ice Service (CIS)</origin><pubdate>various</pubdate><title>Observed Charts - % of total</title><abbr></abbr></citeinfo></srccite><typesrc>paper, electronic (Aircraft / Helicopter)</typesrc><srctime><timeinfo><rngdates><begdate>19570614</begdate><enddate>still active</enddate></rngdates></timeinfo><srccurr> source information publication date</srccurr></srctime></srcinfo><srcinfo><srccite><citeinfo><origin>Canadian Ice Service (CIS)</origin><pubdate>various</pubdate><title>Image Analysis Charts - % of total</title><abbr></abbr></citeinfo></srccite><typesrc>paper and electronic (Satellite)</typesrc><srctime><timeinfo><rngdates><begdate>19900118</begdate><enddate>still active</enddate></rngdates></timeinfo><srccurr> source information publication date</srccurr></srctime></srcinfo><srcinfo><srccite><citeinfo><origin>Canadian Ice Service (CIS)</origin><pubdate>various</pubdate><title>Daily Ice Analysis Charts - % of total</title><abbr></abbr></citeinfo></srccite><typesrc>paper and electronic</typesrc><srctime><timeinfo><rngdates><begdate>19590216</begdate><enddate>still active</enddate></rngdates></timeinfo><srccurr> source information publication date</srccurr></srctime></srcinfo><srcinfo><srccite><citeinfo><origin>Canadian Ice Service (CIS)</origin><pubdate>various</pubdate><title>Regional Ice Analysis Charts - % of total</title><abbr></abbr></citeinfo></srccite><typesrc>paper and electronic</typesrc><srctime><timeinfo><rngdates><begdate>19680625</begdate><enddate>still active</enddate></rngdates></timeinfo><srccurr> source information publication date</srccurr></srctime></srcinfo><srcinfo><srccite><citeinfo><origin>National Ice Center (NIC)</origin><pubdate>various</pubdate><title>Estimate - % of total</title><abbr>ESTIMATED</abbr></citeinfo></srccite><typesrc>electronic (Satellite)</typesrc><srctime><timeinfo><rngdates><begdate>12/07/2020</begdate><enddate>12/11/2020</enddate></rngdates></timeinfo><srccurr> source information publication date</srccurr></srctime></srcinfo><procstep><procdesc>Since 1968, Regional Ice Analyses have been compiled from numerous data sources generally acquired plus or minus three days of its publication date. Over the years, data sources have included a wide variety of satellite imagery, aerial reconnaissance and ship borne reports. Each data source and its availability over the years is described in their respective source information. The Regional Ice Analyses are presently being generated using in house software (ISIS system: ERDAS and ARC/Info).</procdesc><procdate>The Regional Ice Analyses for the Northern Canadian Waters (Western Arctic, Eastern Arctic and Hudson Bay) are produced on a weekly basis during the summer season and since 1982 on a monthly basis for the winter season. The Regional Ice Analyses for the Southern Canadian Waters (East Coast and Great Lakes) are produced on a weekly basis during the winter season only.</procdate></procstep></lineage></dataqual><eainfo><detailed Name="ANTARC201210"><enttyp><enttypl>Regional Ice Analyses in SIGRID-3 format</enttypl><enttypd>The SIGRID-3 vector archive format is one of the World Meteorological Organization (WMO) standards for archiving digital ice charts in the Global Digital Sea Ice Data Bank (GDSIDB). The WMO ice chart archiving formats are the Sea Ice Grid (SIGRID) format developed in 1981 and formalized in 1989 and its successor SIGRID-2. A Regional Ice Analysis encoded in SIGRID-3 has two main components: the shapefile containing the Regional Ice Analysis ice information (ice polygons and related attributes) and the metadata describing the Regional Ice Analyses data under the SIGRID-3 format. A shapefile consists of three core files (but may include several optional files). Each file in the set shares the shapefile name with a different extension. The main file (*.shp) stores shape geometry and must always have an index file (*.shx). A database file (*.dbf) stores all the attributes of the shapes in the main file. SIGRID-3 uses the widely accepted, public domain eXtensible Markup Language (XML) for metadata (information on the Regional Ice Analysis and how it was generated). A file in XML stores the metadata that pertains to each Regional Ice Analysis. Metadata includes projection, location, keywords, and contact information. A file in XML can be read using a web browser, and it is easy to make it available for searches via the Internet. To archive a Regional Ice Analysis in SIGRID-3 (.tar), four files are required: three for the Regional Ice Analysis in shapefile format (.shp,.shx,.dbf) and one for the metadata (xml). The database file consists of a set of mandatory and optional fields which are described in the Entity Type Definition Source and are listed below.</enttypd><enttypds>As per SIGRID standards: undetermined or unknown applicable fields are reported as "99", empty applicable fields are reported as "-9" and empty or unknown non applicable fields are reported as null. Two new attributes (COVSHP_ , COVSHP_ID) are added to the list of SIGRID-3 attributes during the automatic conversion of the Regional Ice Analysis from coverage to shapefile. They are both sequential unique whole numbers that are automatically generated by the ESRI conversion tool (as is the FID Label). For more information, please refer to the SIGRID-3: A Vector Archive Format for Sea Ice Charts Developed by the International Ice Charting Working Groups Ad Hoc Format Team for the WMO "Global Digital Sea Ice Data Bank" project (WMO/TD-No. 1214, 2004)</enttypds><enttypt Sync="TRUE">Feature Class</enttypt><enttypc Sync="TRUE">685</enttypc></enttyp><attr><attrlabl>FID</attrlabl><attrdef>Internal feature number.</attrdef><attrdefs>ESRI</attrdefs><attrdomv><udom>Sequential unique whole numbers that are automatically generated.</udom></attrdomv><attalias Sync="TRUE">FID</attalias><attrtype Sync="TRUE">OID</attrtype><attwidth Sync="TRUE">4</attwidth><atprecis Sync="TRUE">0</atprecis><attscale Sync="TRUE">0</attscale></attr><attr><attrlabl>Shape</attrlabl><attrdef>Feature geometry.</attrdef><attrdefs>ESRI</attrdefs><attrdomv><udom>Coordinates defining the features.</udom></attrdomv><attalias Sync="TRUE">Shape</attalias><attrtype Sync="TRUE">Geometry</attrtype><attwidth Sync="TRUE">0</attwidth><atprecis Sync="TRUE">0</atprecis><attscale Sync="TRUE">0</attscale></attr><attr><attrlabl>CT</attrlabl><attrdef>Total concentration of all ice in the area</attrdef><attrdefs>WMO JCOMM ETSI</attrdefs><attrdomv><codesetd><codesetn>SIGRID-3</codesetn><codesets>WMO JCOMM ETSI</codesets></codesetd></attrdomv><attalias Sync="TRUE">CT</attalias><attrtype Sync="TRUE">String</attrtype><attwidth Sync="TRUE">2</attwidth><atprecis Sync="TRUE">0</atprecis><attscale Sync="TRUE">0</attscale></attr><attr><attrlabl>CA</attrlabl><attrdef>Partial concentration of thickest ice</attrdef><attrdefs>WMO JCOMM ETSI</attrdefs><attrdomv><codesetd><codesetn>SIGRID-3</codesetn><codesets>WMO JCOMM ETSI</codesets></codesetd></attrdomv><attalias Sync="TRUE">CA</attalias><attrtype Sync="TRUE">String</attrtype><attwidth Sync="TRUE">2</attwidth><atprecis Sync="TRUE">0</atprecis><attscale Sync="TRUE">0</attscale></attr><attr><attrlabl>SA</attrlabl><attrdef>Stage of development of thickest ice</attrdef><attrdefs>WMO JCOMM ETSI</attrdefs><attrdomv><codesetd><codesetn>SIGRID-3</codesetn><codesets>WMO JCOMM ETSI</codesets></codesetd></attrdomv><attalias Sync="TRUE">SA</attalias><attrtype Sync="TRUE">String</attrtype><attwidth Sync="TRUE">2</attwidth><atprecis Sync="TRUE">0</atprecis><attscale Sync="TRUE">0</attscale></attr><attr><attrlabl>FA</attrlabl><attrdef>Form of ice corresponding to SA</attrdef><attrdefs>WMO JCOMM ETSI</attrdefs><attrdomv><codesetd><codesetn>SIGRID-3</codesetn><codesets>WMO JCOMM ETSI</codesets></codesetd></attrdomv><attalias Sync="TRUE">FA</attalias><attrtype Sync="TRUE">String</attrtype><attwidth Sync="TRUE">2</attwidth><atprecis Sync="TRUE">0</atprecis><attscale Sync="TRUE">0</attscale></attr><attr><attrlabl Sync="TRUE">SO</attrlabl><attalias Sync="TRUE">SO</attalias><attrtype Sync="TRUE">String</attrtype><attwidth Sync="TRUE">2</attwidth><atprecis Sync="TRUE">0</atprecis><attscale Sync="TRUE">0</attscale></attr><attr><attrlabl>CB</attrlabl><attrdef>Partial concentration of second thickest ice</attrdef><attrdefs>WMO JCOMM ETSI</attrdefs><attrdomv><codesetd><codesetn>SIGRID-3</codesetn><codesets>WMO JCOMM ETSI</codesets></codesetd></attrdomv><attalias Sync="TRUE">CB</attalias><attrtype Sync="TRUE">String</attrtype><attwidth Sync="TRUE">2</attwidth><atprecis Sync="TRUE">0</atprecis><attscale Sync="TRUE">0</attscale></attr><attr><attrlabl>SB</attrlabl><attrdef>Stage of development of second thickest ice</attrdef><attrdefs>WMO JCOMM ETSI</attrdefs><attrdomv><codesetd><codesetn>SIGRID-3</codesetn><codesets>WMO JCOMM ETSI</codesets></codesetd></attrdomv><attalias Sync="TRUE">SB</attalias><attrtype Sync="TRUE">String</attrtype><attwidth Sync="TRUE">2</attwidth><atprecis Sync="TRUE">0</atprecis><attscale Sync="TRUE">0</attscale></attr><attr><attrlabl>FB</attrlabl><attrdef>Form of ice corresponding to SB</attrdef><attrdefs>WMO JCOMM ETSI</attrdefs><attrdomv><codesetd><codesetn>SIGRID-3</codesetn><codesets>WMO JCOMM ETSI</codesets></codesetd></attrdomv><attalias Sync="TRUE">FB</attalias><attrtype Sync="TRUE">String</attrtype><attwidth Sync="TRUE">2</attwidth><atprecis Sync="TRUE">0</atprecis><attscale Sync="TRUE">0</attscale></attr><attr><attrlabl Sync="TRUE">SD</attrlabl><attalias Sync="TRUE">SD</attalias><attrtype Sync="TRUE">String</attrtype><attwidth Sync="TRUE">2</attwidth><atprecis Sync="TRUE">0</atprecis><attscale Sync="TRUE">0</attscale></attr><attr><attrlabl>CC</attrlabl><attrdef>Partial concentration of third thickest ice</attrdef><attrdefs>WMO JCOMM ETSI</attrdefs><attrdomv><codesetd><codesetn>SIGRID-3</codesetn><codesets>WMO JCOMM ETSI</codesets></codesetd></attrdomv><attalias Sync="TRUE">CC</attalias><attrtype Sync="TRUE">String</attrtype><attwidth Sync="TRUE">2</attwidth><atprecis Sync="TRUE">0</atprecis><attscale Sync="TRUE">0</attscale></attr><attr><attrlabl>SC</attrlabl><attrdef>Stage of development of third thickest ice</attrdef><attrdefs>WMO JCOMM ETSI</attrdefs><attrdomv><codesetd><codesetn>SIGRID-3</codesetn><codesets>WMO JCOMM ETSI</codesets></codesetd></attrdomv><attalias Sync="TRUE">SC</attalias><attrtype Sync="TRUE">String</attrtype><attwidth Sync="TRUE">2</attwidth><atprecis Sync="TRUE">0</atprecis><attscale Sync="TRUE">0</attscale></attr><attr><attrlabl>FC</attrlabl><attrdef>Form of ice corresponding to SC</attrdef><attrdefs>WMO JCOMM ETSI</attrdefs><attrdomv><codesetd><codesetn>SIGRID-3</codesetn><codesets>WMO JCOMM ETSI</codesets></codesetd></attrdomv><attalias Sync="TRUE">FC</attalias><attrtype Sync="TRUE">String</attrtype><attwidth Sync="TRUE">2</attwidth><atprecis Sync="TRUE">0</atprecis><attscale Sync="TRUE">0</attscale></attr><attr><attrlabl Sync="TRUE">FS</attrlabl><attalias Sync="TRUE">FS</attalias><attrtype Sync="TRUE">String</attrtype><attwidth Sync="TRUE">2</attwidth><atprecis Sync="TRUE">0</atprecis><attscale Sync="TRUE">0</attscale></attr><attr><attrlabl Sync="TRUE">FP</attrlabl><attalias Sync="TRUE">FP</attalias><attrtype Sync="TRUE">String</attrtype><attwidth Sync="TRUE">2</attwidth><atprecis Sync="TRUE">0</atprecis><attscale Sync="TRUE">0</attscale></attr><attr><attrlabl Sync="TRUE">ICECODE</attrlabl><attalias Sync="TRUE">ICECODE</attalias><attrtype Sync="TRUE">String</attrtype><attwidth Sync="TRUE">45</attwidth><atprecis Sync="TRUE">0</atprecis><attscale Sync="TRUE">0</attscale></attr><attr><attrlabl>POLY_TYPE</attrlabl><attrdef>Surface Type</attrdef><attrdefs>WMO JCOMM ETSI</attrdefs><attrdomv><codesetd><codesetn>SIGRID-3</codesetn><codesets>WMO JCOMM ETSI</codesets></codesetd></attrdomv><attalias Sync="TRUE">POLY_TYPE</attalias><attrtype Sync="TRUE">String</attrtype><attwidth Sync="TRUE">2</attwidth><atprecis Sync="TRUE">0</atprecis><attscale Sync="TRUE">0</attscale></attr><attr><attrlabl Sync="TRUE">Shape_Leng</attrlabl><attalias Sync="TRUE">Shape_Leng</attalias><attrtype Sync="TRUE">Double</attrtype><attwidth Sync="TRUE">19</attwidth><atprecis Sync="TRUE">0</atprecis><attscale Sync="TRUE">0</attscale></attr><attr><attrlabl Sync="TRUE">Shape_Area</attrlabl><attalias Sync="TRUE">Shape_Area</attalias><attrtype Sync="TRUE">Double</attrtype><attwidth Sync="TRUE">19</attwidth><atprecis Sync="TRUE">0</atprecis><attscale Sync="TRUE">0</attscale><attrdef Sync="TRUE">Area of feature in internal units squared.</attrdef><attrdefs Sync="TRUE">Esri</attrdefs><attrdomv><udom Sync="TRUE">Positive real numbers that are automatically generated.</udom></attrdomv></attr></detailed></eainfo><metainfo><metd>20060317</metd><metc><cntinfo><cntorgp><cntper>Chris.Readinger</cntper><cntorg>National Ice Center (NIC)</cntorg></cntorgp><cntaddr><addrtype>mailing and physical address</addrtype><address>4521 Suitland Road</address><city>Washington</city><state>DC</state><postal>20395</postal><country>USA</country></cntaddr><cntvoice>(301) 817-3911</cntvoice><cntfax>(301) 817-3990</cntfax><cntemail>liaison@natice.noaa.gov</cntemail></cntinfo></metc><metstdn>FGDC Content Standards for Digital Geospatial Metadata</metstdn><metstdv>FGDC-STD-001-1998</metstdv></metainfo><Esri><ModDate>20201210</ModDate><ModTime>13454300</ModTime><DataProperties><itemProps><itemName Sync="TRUE">ANTARC201210</itemName><imsContentType Sync="TRUE">002</imsContentType><nativeExtBox><westBL Sync="TRUE">-4339885.570208</westBL><eastBL Sync="TRUE">4339885.569692</eastBL><southBL Sync="TRUE">-4339885.573751</southBL><northBL Sync="TRUE">4339885.566249</northBL><exTypeCode Sync="TRUE">1</exTypeCode></nativeExtBox><itemSize Sync="TRUE">2.238</itemSize><itemLocation><linkage Sync="TRUE">file://\\NIC-N63-003\C$\workspace\ANTARC201210.shp</linkage><protocol Sync="TRUE">Local Area Network</protocol></itemLocation></itemProps><coordRef><type Sync="TRUE">Projected</type><geogcsn Sync="TRUE">GCS_WGS_1984</geogcsn><csUnits Sync="TRUE">Linear Unit: Meter (1.000000)</csUnits><projcsn Sync="TRUE">WGS_1984_Stereographic_South_Pole</projcsn><peXml Sync="TRUE">&lt;ProjectedCoordinateSystem xsi:type='typens:ProjectedCoordinateSystem' xmlns:xsi='http://www.w3.org/2001/XMLSchema-instance' xmlns:xs='http://www.w3.org/2001/XMLSchema' xmlns:typens='http://www.esri.com/schemas/ArcGIS/10.7'&gt;&lt;WKT&gt;PROJCS[&amp;quot;WGS_1984_Stereographic_South_Pole&amp;quot;,GEOGCS[&amp;quot;GCS_WGS_1984&amp;quot;,DATUM[&amp;quot;D_WGS_1984&amp;quot;,SPHEROID[&amp;quot;WGS_1984&amp;quot;,6378137.0,298.257223563]],PRIMEM[&amp;quot;Greenwich&amp;quot;,0.0],UNIT[&amp;quot;Degree&amp;quot;,0.0174532925199433]],PROJECTION[&amp;quot;Stereographic_South_Pole&amp;quot;],PARAMETER[&amp;quot;False_Easting&amp;quot;,0.0],PARAMETER[&amp;quot;False_Northing&amp;quot;,0.0],PARAMETER[&amp;quot;Central_Meridian&amp;quot;,180.0],PARAMETER[&amp;quot;Standard_Parallel_1&amp;quot;,-60.0],UNIT[&amp;quot;Meter&amp;quot;,1.0]]&lt;/WKT&gt;&lt;XOrigin&gt;-30759400&lt;/XOrigin&gt;&lt;YOrigin&gt;-30759400&lt;/YOrigin&gt;&lt;XYScale&gt;146413767.08812574&lt;/XYScale&gt;&lt;ZOrigin&gt;-100000&lt;/ZOrigin&gt;&lt;ZScale&gt;10000&lt;/ZScale&gt;&lt;MOrigin&gt;-100000&lt;/MOrigin&gt;&lt;MScale&gt;10000&lt;/MScale&gt;&lt;XYTolerance&gt;0.001&lt;/XYTolerance&gt;&lt;ZTolerance&gt;0.001&lt;/ZTolerance&gt;&lt;MTolerance&gt;0.001&lt;/MTolerance&gt;&lt;HighPrecision&gt;true&lt;/HighPrecision&gt;&lt;/ProjectedCoordinateSystem&gt;</peXml></coordRef></DataProperties><SyncDate>20201210</SyncDate><SyncTime>13454300</SyncTime></Esri><mdDateSt Sync="TRUE">20201210</mdDateSt><spdoinfo><direct>Vector</direct><ptvctinf><esriterm Name="ANTARC201210"><efeatyp Sync="TRUE">Simple</efeatyp><efeageom code="4" Sync="TRUE"></efeageom><esritopo Sync="TRUE">FALSE</esritopo><efeacnt Sync="TRUE">685</efeacnt><spindex Sync="TRUE">TRUE</spindex><linrefer Sync="TRUE">FALSE</linrefer></esriterm></ptvctinf></spdoinfo><dataIdInfo><envirDesc Sync="TRUE"> Version 6.2 (Build 9200) ; Esri ArcGIS 10.7.1.11595</envirDesc><dataLang><languageCode value="eng" Sync="TRUE"></languageCode><countryCode value="USA" Sync="TRUE"></countryCode></dataLang><idCitation><resTitle Sync="TRUE">ANTARC201210</resTitle><presForm><PresFormCd value="005" Sync="TRUE"></PresFormCd></presForm></idCitation><spatRpType><SpatRepTypCd value="001" Sync="TRUE"></SpatRepTypCd></spatRpType><dataExt><geoEle><GeoBndBox esriExtentType="search"><exTypeCode Sync="TRUE">1</exTypeCode><westBL Sync="TRUE">-180.000000</westBL><eastBL Sync="TRUE">180.000000</eastBL><northBL Sync="TRUE">-35.469182</northBL><southBL Sync="TRUE">-90.000000</southBL></GeoBndBox></geoEle></dataExt></dataIdInfo><mdLang><languageCode value="eng" Sync="TRUE"></languageCode><countryCode value="USA" Sync="TRUE"></countryCode></mdLang><distInfo><distFormat><formatName Sync="TRUE">Shapefile</formatName></distFormat><distTranOps><transSize Sync="TRUE">2.238</transSize></distTranOps></distInfo><mdHrLv><ScopeCd value="005" Sync="TRUE"></ScopeCd></mdHrLv><mdHrLvName Sync="TRUE">dataset</mdHrLvName><refSysInfo><RefSystem><refSysID><identCode code="0" Sync="TRUE"></identCode></refSysID></RefSystem></refSysInfo><spatRepInfo><VectSpatRep><geometObjs Name="ANTARC201210"><geoObjTyp><GeoObjTypCd value="002" Sync="TRUE"></GeoObjTypCd></geoObjTyp><geoObjCnt Sync="TRUE">685</geoObjCnt></geometObjs><topLvl><TopoLevCd value="001" Sync="TRUE"></TopoLevCd></topLvl></VectSpatRep></spatRepInfo></metadata>
