<metadata xml:lang="en"><Esri><CreaDate>20241206</CreaDate><CreaTime>11554800</CreaTime><ArcGISFormat>1.0</ArcGISFormat><SyncOnce>FALSE</SyncOnce><DataProperties><lineage><Process ToolSource="c:\program files\arcgis\pro\Resources\ArcToolbox\Toolboxes\Conversion Tools.tbx\FeatureClassToFeatureClass" Date="20241206" Time="115548">FeatureClassToFeatureClass ANTARCTIC_WEEKLY K:\charts\south\2024\241205\Analyst\south\south.gdb xxSelection "POLY_TYPE IN('W','I')" "NAME "NAME" true true false 30 Text 0 0,First,#,ANTARCTIC_WEEKLY,NAME,0,30;ABBR "ABBR" true true false 10 Text 0 0,First,#,ANTARCTIC_WEEKLY,ABBR,0,10;CT "CT" true true false 2 Text 0 0,First,#,ANTARCTIC_WEEKLY,CT,0,2;CA "CA" true true false 2 Text 0 0,First,#,ANTARCTIC_WEEKLY,CA,0,2;CB "CB" true true false 2 Text 0 0,First,#,ANTARCTIC_WEEKLY,CB,0,2;CC "CC" true true false 2 Text 0 0,First,#,ANTARCTIC_WEEKLY,CC,0,2;SO "SO" true true false 2 Text 0 0,First,#,ANTARCTIC_WEEKLY,SO,0,2;SA "SA" true true false 2 Text 0 0,First,#,ANTARCTIC_WEEKLY,SA,0,2;SB "SB" true true false 2 Text 0 0,First,#,ANTARCTIC_WEEKLY,SB,0,2;SC "SC" true true false 2 Text 0 0,First,#,ANTARCTIC_WEEKLY,SC,0,2;SD "SD" true true false 2 Text 0 0,First,#,ANTARCTIC_WEEKLY,SD,0,2;FA "FA" true true false 2 Text 0 0,First,#,ANTARCTIC_WEEKLY,FA,0,2;FB "FB" true true false 2 Text 0 0,First,#,ANTARCTIC_WEEKLY,FB,0,2;FC "FC" true true false 2 Text 0 0,First,#,ANTARCTIC_WEEKLY,FC,0,2;FS "FS" true true false 2 Text 0 0,First,#,ANTARCTIC_WEEKLY,FS,0,2;FP "FP" true true false 2 Text 0 0,First,#,ANTARCTIC_WEEKLY,FP,0,2;ICECODE "ICECODE" true true false 45 Text 0 0,First,#,ANTARCTIC_WEEKLY,ICECODE,0,45;COLOR "COLOR" true true false 2 Text 0 0,First,#,ANTARCTIC_WEEKLY,COLOR,0,2;LABEL "LABEL" true true false 6 Text 0 0,First,#,ANTARCTIC_WEEKLY,LABEL,0,6;POLY_TYPE "POLY_TYPE" true true false 2 Text 0 0,First,#,ANTARCTIC_WEEKLY,POLY_TYPE,0,2;SCOLOR "SCOLOR" true true false 4 Text 0 0,First,#,ANTARCTIC_WEEKLY,SCOLOR,0,4;CCOLOR1 "CCOLOR1" true true false 4 Text 0 0,First,#,ANTARCTIC_WEEKLY,CCOLOR1,0,4;CCOLOR2 "CCOLOR2" true true false 4 Text 0 0,First,#,ANTARCTIC_WEEKLY,CCOLOR2,0,4;QCOLOR1 "QCOLOR1" true true false 4 Text 0 0,First,#,ANTARCTIC_WEEKLY,QCOLOR1,0,4;QCOLOR2 "QCOLOR2" true true false 4 Text 0 0,First,#,ANTARCTIC_WEEKLY,QCOLOR2,0,4;Shape__Area "SHAPE.STArea()" false true true 0 Double 0 0,First,#,ANTARCTIC_WEEKLY,Shape__Area,-1,-1;Shape__Length "SHAPE.STLength()" false true true 0 Double 0 0,First,#,ANTARCTIC_WEEKLY,Shape__Length,-1,-1" #</Process><Process ToolSource="c:\program files\arcgis\pro\Resources\ArcToolbox\Toolboxes\Data Management Tools.tbx\Integrate" Date="20241206" Time="115600">Integrate "K:\charts\south\2024\241205\Analyst\south\south.gdb\xxSelection #" "0.05 Meters"</Process><Process ToolSource="c:\program files\arcgis\pro\Resources\ArcToolbox\Toolboxes\Data Management Tools.tbx\Dissolve" Date="20241206" Time="115628">Dissolve K:\charts\south\2024\241205\Analyst\south\south.gdb\xxSelection K:\charts\south\2024\241205\Analyst\south\south.gdb\xxDissolved ICECODE;CT;CA;CB;CC;SA;SB;SC;SO;SD;FA;FB;FC;FP;FS;POLY_TYPE # SINGLE_PART DISSOLVE_LINES</Process></lineage><itemProps><itemName Sync="TRUE">ANTARC241206</itemName><imsContentType Sync="TRUE">002</imsContentType><itemLocation><linkage Sync="TRUE">file://\\Datafarm6\FDrive\charts\south\2024\241206\Hemispheric\ANTARC241206.shp</linkage><protocol Sync="TRUE">Local Area Network</protocol></itemLocation><itemSize Sync="TRUE">0.000</itemSize></itemProps><coordRef><type Sync="TRUE">Projected</type><geogcsn Sync="TRUE">GCS_WGS_1984</geogcsn><csUnits Sync="TRUE">Linear Unit: Meter (1.000000)</csUnits><projcsn Sync="TRUE">WGS_1984_Stereographic_South_Pole</projcsn><peXml Sync="TRUE">&lt;ProjectedCoordinateSystem xsi:type='typens:ProjectedCoordinateSystem' xmlns:xsi='http://www.w3.org/2001/XMLSchema-instance' xmlns:xs='http://www.w3.org/2001/XMLSchema' xmlns:typens='http://www.esri.com/schemas/ArcGIS/2.9.0'&gt;&lt;WKT&gt;PROJCS[&amp;quot;WGS_1984_Stereographic_South_Pole&amp;quot;,GEOGCS[&amp;quot;GCS_WGS_1984&amp;quot;,DATUM[&amp;quot;D_WGS_1984&amp;quot;,SPHEROID[&amp;quot;WGS_1984&amp;quot;,6378137.0,298.257223563]],PRIMEM[&amp;quot;Greenwich&amp;quot;,0.0],UNIT[&amp;quot;Degree&amp;quot;,0.0174532925199433]],PROJECTION[&amp;quot;Stereographic_South_Pole&amp;quot;],PARAMETER[&amp;quot;False_Easting&amp;quot;,0.0],PARAMETER[&amp;quot;False_Northing&amp;quot;,0.0],PARAMETER[&amp;quot;Central_Meridian&amp;quot;,180.0],PARAMETER[&amp;quot;Standard_Parallel_1&amp;quot;,-60.0],UNIT[&amp;quot;Meter&amp;quot;,1.0]]&lt;/WKT&gt;&lt;XOrigin&gt;-30759400&lt;/XOrigin&gt;&lt;YOrigin&gt;-30759400&lt;/YOrigin&gt;&lt;XYScale&gt;146413767.08812574&lt;/XYScale&gt;&lt;ZOrigin&gt;-100000&lt;/ZOrigin&gt;&lt;ZScale&gt;10000&lt;/ZScale&gt;&lt;MOrigin&gt;-100000&lt;/MOrigin&gt;&lt;MScale&gt;10000&lt;/MScale&gt;&lt;XYTolerance&gt;0.001&lt;/XYTolerance&gt;&lt;ZTolerance&gt;0.001&lt;/ZTolerance&gt;&lt;MTolerance&gt;0.001&lt;/MTolerance&gt;&lt;HighPrecision&gt;true&lt;/HighPrecision&gt;&lt;/ProjectedCoordinateSystem&gt;</peXml></coordRef></DataProperties><SyncDate>20241206</SyncDate><SyncTime>11564700</SyncTime><ModDate>20241206</ModDate><ModTime>11564700</ModTime></Esri><dataIdInfo><envirDesc Sync="TRUE">Microsoft Windows 10 Version 10.0 (Build 19045) ; Esri ArcGIS 12.9.4.32739</envirDesc><dataLang><languageCode value="eng" Sync="TRUE"></languageCode><countryCode value="USA" Sync="TRUE"></countryCode></dataLang><idCitation><resTitle Sync="TRUE">ANTARC241206</resTitle><presForm><PresFormCd value="005" Sync="TRUE"></PresFormCd></presForm></idCitation><spatRpType><SpatRepTypCd value="001" Sync="TRUE"></SpatRepTypCd></spatRpType></dataIdInfo><mdLang><languageCode value="eng" Sync="TRUE"></languageCode><countryCode value="USA" Sync="TRUE"></countryCode></mdLang><distInfo><distFormat><formatName Sync="TRUE">Shapefile</formatName></distFormat><distTranOps><transSize Sync="TRUE">0.000</transSize></distTranOps></distInfo><mdHrLv><ScopeCd value="005" Sync="TRUE"></ScopeCd></mdHrLv><mdHrLvName Sync="TRUE">dataset</mdHrLvName><refSysInfo><RefSystem><refSysID><identCode code="0" Sync="TRUE"></identCode></refSysID></RefSystem></refSysInfo><spatRepInfo><VectSpatRep><geometObjs Name="ANTARC241206"><geoObjTyp><GeoObjTypCd value="002" Sync="TRUE"></GeoObjTypCd></geoObjTyp><geoObjCnt Sync="TRUE">0</geoObjCnt></geometObjs><topLvl><TopoLevCd value="001" Sync="TRUE"></TopoLevCd></topLvl></VectSpatRep></spatRepInfo><spdoinfo><ptvctinf><esriterm Name="ANTARC241206"><efeatyp Sync="TRUE">Simple</efeatyp><efeageom code="4" Sync="TRUE"></efeageom><esritopo Sync="TRUE">FALSE</esritopo><efeacnt Sync="TRUE">0</efeacnt><spindex Sync="TRUE">FALSE</spindex><linrefer Sync="TRUE">FALSE</linrefer></esriterm></ptvctinf></spdoinfo><eainfo><detailed Name="ANTARC241206"><enttyp><enttypl Sync="TRUE">ANTARC241206</enttypl><enttypt Sync="TRUE">Feature Class</enttypt><enttypc Sync="TRUE">0</enttypc></enttyp><attr><attrlabl Sync="TRUE">FID</attrlabl><attalias Sync="TRUE">FID</attalias><attrtype Sync="TRUE">OID</attrtype><attwidth Sync="TRUE">4</attwidth><atprecis Sync="TRUE">0</atprecis><attscale Sync="TRUE">0</attscale><attrdef Sync="TRUE">Internal feature number.</attrdef><attrdefs Sync="TRUE">Esri</attrdefs><attrdomv><udom Sync="TRUE">Sequential unique whole numbers that are automatically generated.</udom></attrdomv></attr><attr><attrlabl Sync="TRUE">Shape</attrlabl><attalias Sync="TRUE">Shape</attalias><attrtype Sync="TRUE">Geometry</attrtype><attwidth Sync="TRUE">0</attwidth><atprecis Sync="TRUE">0</atprecis><attscale Sync="TRUE">0</attscale><attrdef Sync="TRUE">Feature geometry.</attrdef><attrdefs Sync="TRUE">Esri</attrdefs><attrdomv><udom Sync="TRUE">Coordinates defining the features.</udom></attrdomv></attr><attr><attrlabl Sync="TRUE">CT</attrlabl><attalias Sync="TRUE">CT</attalias><attrtype Sync="TRUE">String</attrtype><attwidth Sync="TRUE">2</attwidth><atprecis Sync="TRUE">0</atprecis><attscale Sync="TRUE">0</attscale></attr><attr><attrlabl Sync="TRUE">CA</attrlabl><attalias Sync="TRUE">CA</attalias><attrtype Sync="TRUE">String</attrtype><attwidth Sync="TRUE">2</attwidth><atprecis Sync="TRUE">0</atprecis><attscale Sync="TRUE">0</attscale></attr><attr><attrlabl Sync="TRUE">CB</attrlabl><attalias Sync="TRUE">CB</attalias><attrtype Sync="TRUE">String</attrtype><attwidth Sync="TRUE">2</attwidth><atprecis Sync="TRUE">0</atprecis><attscale Sync="TRUE">0</attscale></attr><attr><attrlabl Sync="TRUE">CC</attrlabl><attalias Sync="TRUE">CC</attalias><attrtype Sync="TRUE">String</attrtype><attwidth Sync="TRUE">2</attwidth><atprecis Sync="TRUE">0</atprecis><attscale Sync="TRUE">0</attscale></attr><attr><attrlabl Sync="TRUE">SO</attrlabl><attalias Sync="TRUE">SO</attalias><attrtype Sync="TRUE">String</attrtype><attwidth Sync="TRUE">2</attwidth><atprecis Sync="TRUE">0</atprecis><attscale Sync="TRUE">0</attscale></attr><attr><attrlabl Sync="TRUE">SA</attrlabl><attalias Sync="TRUE">SA</attalias><attrtype Sync="TRUE">String</attrtype><attwidth Sync="TRUE">2</attwidth><atprecis Sync="TRUE">0</atprecis><attscale Sync="TRUE">0</attscale></attr><attr><attrlabl Sync="TRUE">SB</attrlabl><attalias Sync="TRUE">SB</attalias><attrtype Sync="TRUE">String</attrtype><attwidth Sync="TRUE">2</attwidth><atprecis Sync="TRUE">0</atprecis><attscale Sync="TRUE">0</attscale></attr><attr><attrlabl Sync="TRUE">SC</attrlabl><attalias Sync="TRUE">SC</attalias><attrtype Sync="TRUE">String</attrtype><attwidth Sync="TRUE">2</attwidth><atprecis Sync="TRUE">0</atprecis><attscale Sync="TRUE">0</attscale></attr><attr><attrlabl Sync="TRUE">SD</attrlabl><attalias Sync="TRUE">SD</attalias><attrtype Sync="TRUE">String</attrtype><attwidth Sync="TRUE">2</attwidth><atprecis Sync="TRUE">0</atprecis><attscale Sync="TRUE">0</attscale></attr><attr><attrlabl Sync="TRUE">FA</attrlabl><attalias Sync="TRUE">FA</attalias><attrtype Sync="TRUE">String</attrtype><attwidth Sync="TRUE">2</attwidth><atprecis Sync="TRUE">0</atprecis><attscale Sync="TRUE">0</attscale></attr><attr><attrlabl Sync="TRUE">FB</attrlabl><attalias Sync="TRUE">FB</attalias><attrtype Sync="TRUE">String</attrtype><attwidth Sync="TRUE">2</attwidth><atprecis Sync="TRUE">0</atprecis><attscale Sync="TRUE">0</attscale></attr><attr><attrlabl Sync="TRUE">FC</attrlabl><attalias Sync="TRUE">FC</attalias><attrtype Sync="TRUE">String</attrtype><attwidth Sync="TRUE">2</attwidth><atprecis Sync="TRUE">0</atprecis><attscale Sync="TRUE">0</attscale></attr><attr><attrlabl Sync="TRUE">FS</attrlabl><attalias Sync="TRUE">FS</attalias><attrtype Sync="TRUE">String</attrtype><attwidth Sync="TRUE">2</attwidth><atprecis Sync="TRUE">0</atprecis><attscale Sync="TRUE">0</attscale></attr><attr><attrlabl Sync="TRUE">FP</attrlabl><attalias Sync="TRUE">FP</attalias><attrtype Sync="TRUE">String</attrtype><attwidth Sync="TRUE">2</attwidth><atprecis Sync="TRUE">0</atprecis><attscale Sync="TRUE">0</attscale></attr><attr><attrlabl Sync="TRUE">ICECODE</attrlabl><attalias Sync="TRUE">ICECODE</attalias><attrtype Sync="TRUE">String</attrtype><attwidth Sync="TRUE">45</attwidth><atprecis Sync="TRUE">0</atprecis><attscale Sync="TRUE">0</attscale></attr><attr><attrlabl Sync="TRUE">POLY_TYPE</attrlabl><attalias Sync="TRUE">POLY_TYPE</attalias><attrtype Sync="TRUE">String</attrtype><attwidth Sync="TRUE">2</attwidth><atprecis Sync="TRUE">0</atprecis><attscale Sync="TRUE">0</attscale></attr><attr><attrlabl Sync="TRUE">Shape_Leng</attrlabl><attalias Sync="TRUE">Shape_Leng</attalias><attrtype Sync="TRUE">Double</attrtype><attwidth Sync="TRUE">19</attwidth><atprecis Sync="TRUE">0</atprecis><attscale Sync="TRUE">0</attscale></attr><attr><attrlabl Sync="TRUE">Shape_Area</attrlabl><attalias Sync="TRUE">Shape_Area</attalias><attrtype Sync="TRUE">Double</attrtype><attwidth Sync="TRUE">19</attwidth><atprecis Sync="TRUE">0</atprecis><attscale Sync="TRUE">0</attscale><attrdef Sync="TRUE">Area of feature in internal units squared.</attrdef><attrdefs Sync="TRUE">Esri</attrdefs><attrdomv><udom Sync="TRUE">Positive real numbers that are automatically generated.</udom></attrdomv></attr></detailed></eainfo><mdDateSt Sync="TRUE">20241206</mdDateSt></metadata>
